,tweet_id,text,favorite_count,retweet_count,created_at
0,1412956592329437184,@Chrissy89 I was screaming Harry Potter at my tv,0,0,Thu Jul 08 02:07:57 +0000 2021
1,1412956590102155266,"Assisti todos os filmes de Harry Potter chegou no √∫ltimo pulei pra √∫ltima luta logo, vi esse filme tantas vezes qua‚Ä¶ https://t.co/IDbrXO6kxu",0,0,Thu Jul 08 02:07:57 +0000 2021
2,1412956581449326596,"Muy emocionante el m√°s reciente cap√≠tulo de #Loki. 

Dato curioso: no s√© pero le sent√≠ un aire a lo Harry Potter.",0,0,Thu Jul 08 02:07:55 +0000 2021
3,1412956559592787971,"You are a neat, understanding Marowak, and you are Harry Freaking Potter.",0,0,Thu Jul 08 02:07:49 +0000 2021
4,1412956547639087111,"@chasediangeIo Harry Potter, os livros daAgatha Christie, anne",0,0,Thu Jul 08 02:07:47 +0000 2021
5,1412956534892466178,Ìï¥Î¶¨Ìè¨ÌÑ∞ Harry Potter Paperback Boxset #1-7:ÎØ∏Íµ≠Ìåê https://t.co/KokGxicM3O &lt;ÌååÌä∏ÎÑàÏä§ ÌôúÎèôÏùÑ ÌÜµÌï¥ ÏàòÏàòÎ£åÎ•º Ï†úÍ≥µÎ∞õÏùÑ Ïàò ÏûàÏùå&gt; https://t.co/4TyUdeF5uv,0,0,Thu Jul 08 02:07:44 +0000 2021
6,1412956531495219202,"RT @ToIkienverse: Shrek, Harry Potter y El Se√±or de los Anillos se estrenaron el mismo a√±o / HACE 20 A√ëOS https://t.co/Ydaodyv8xr",0,710,Thu Jul 08 02:07:43 +0000 2021
7,1412956525790912515,"RT @TakanoSenpai1: ""What if, in another life... Another time... Shizun and I...""
BingQiu week Day 5:
‚ú®üå∏Fantasyüå∏‚ú® Harry Potter AU.
#LuoBingh‚Ä¶",0,112,Thu Jul 08 02:07:41 +0000 2021
8,1412956525283483648,"RT @EiProfeta: Harry Potter, El Se√±or de los Anillos y Shrek se estrenaron hace 20 a√±os.

Yo: https://t.co/rPxkuT7YdB",0,1023,Thu Jul 08 02:07:41 +0000 2021
9,1412956518673096708,Jim Kay muestra un retrato que hizo para #HarryPotter 5 pero que podr√≠a no salir en el libro https://t.co/zQePA8cthx https://t.co/UCBQ6NHqaD,0,0,Thu Jul 08 02:07:40 +0000 2021
10,1412956512759148547,"@moviemenfes Harry potter, spiderwick chronicles, arthur and the minimoys, alice in wonderland",0,0,Thu Jul 08 02:07:38 +0000 2021
11,1412956488784560130,Facebook permite vivir la experiencia de Harry Potter con una nueva herramienta de realidad aumentada https://t.co/SDm0bgRC6B,1,0,Thu Jul 08 02:07:33 +0000 2021
12,1412956485466959878,@RCahillAuthor Harry Potter and the Sorcerer's Foreskinüò¨,0,0,Thu Jul 08 02:07:32 +0000 2021
13,1412956482476384258,"RT @lantsovsbastard: hello! i‚Äôm not new to twitter but i am to #booktwt and i‚Äôd like new moots &lt;3 my favs are
- pride &amp; prejudice 
- six of‚Ä¶",0,3,Thu Jul 08 02:07:31 +0000 2021
14,1412956470149320713,RT @YMiVaritaHarry: ¬øOtra edici√≥n de libros de Harry Potter? Pero no le veo nada extraordinari... ¬°Wooow! https://t.co/Gs6bND7LZ2,0,120,Thu Jul 08 02:07:28 +0000 2021
15,1412956455213445126,RT @saferupert: the words of rupert grint at the premiere of harry potter and the deathly hallows part 2 https://t.co/D81pTv6Ta4,0,25,Thu Jul 08 02:07:25 +0000 2021
16,1412956439337848834,RT @diaybyy: Podemos hablar de Tom en la premier de Harry Potter y las Reliquias de la Muerte p.2 https://t.co/dfaU3aiJbc,0,13,Thu Jul 08 02:07:21 +0000 2021
17,1412956435965612034,@PrimeVideoMX Harry Potter y la Piedra Filosofal! ‚ù§Ô∏è,0,0,Thu Jul 08 02:07:20 +0000 2021
18,1412956435210715136,"RT @biaglion: jake peralta gosta de taylor swift, de harry potter e ainda camufla as inseguran√ßas no humor por isso ele √© t√£o perfeito",0,3773,Thu Jul 08 02:07:20 +0000 2021
19,1412956423395422211,o homi me chamando p ir v√™ harry potter na cs dele rapai üòÆ‚Äçüí®üòÆ‚Äçüí®üòÆ‚Äçüí®,0,0,Thu Jul 08 02:07:17 +0000 2021
20,1412956398451838976,Harry Potter?! https://t.co/yedRXDKMMp,0,0,Thu Jul 08 02:07:11 +0000 2021
21,1412956387362152449,RT @marlvswtson: todo era m√°s lindo cuando Harry Potter estaba en Netflix,0,758,Thu Jul 08 02:07:08 +0000 2021
22,1412956382756843522,Estoy llorando despu√©s de terminar de ver la saga de Harry Potter x la mil√©sima vez...,0,0,Thu Jul 08 02:07:07 +0000 2021
23,1412956370274590720,"RT @ToIkienverse: Shrek, Harry Potter y El Se√±or de los Anillos se estrenaron el mismo a√±o / HACE 20 A√ëOS https://t.co/Ydaodyv8xr",0,710,Thu Jul 08 02:07:04 +0000 2021
24,1412956362477342729,@PyramidABC It‚Äôs Harry Potter Damn It,0,0,Thu Jul 08 02:07:02 +0000 2021
25,1412956345133846529,Vo maratonar Harry Potter de novo,0,0,Thu Jul 08 02:06:58 +0000 2021
26,1412956342986461194,RT @noirwhills: potterhead? jamais! apenas gosto muito de harry potter,0,203,Thu Jul 08 02:06:58 +0000 2021
27,1412956341128376324,instagram needs to stop thinking I‚Äôm 30 I don‚Äôt want to see harry potter memes anymore,3,0,Thu Jul 08 02:06:57 +0000 2021
28,1412956338896916490,"@JBAlliance @JoaquinBondoni Harry Potter #PremiosMTVMIAW¬† 
#MTVLAPAREJACACHE
#MTVLAICONOKENIA 
#MTVLACRUSHJOACO‚Ä¶ https://t.co/FwHS3UCAI2",0,0,Thu Jul 08 02:06:57 +0000 2021
29,1412956324892221441,@iPROTECT94 Harry Potter #PremiosMTVMIAW #MTVLAGLOBALGOLDEN #MTVLACRUSHHARRY,0,0,Thu Jul 08 02:06:53 +0000 2021
30,1412956322597900293,"RT @EiProfeta: Harry Potter, El Se√±or de los Anillos y Shrek se estrenaron hace 20 a√±os.

Yo: https://t.co/rPxkuT7YdB",0,1023,Thu Jul 08 02:06:53 +0000 2021
31,1412956298430267399,"RT @HarryPotteerBR: 7 de julho de 2011: Dez anos atr√°s, Harry Potter e as Rel√≠quias da Morte: Parte 2 estreou em Londres. https://t.co/gq2O‚Ä¶",0,791,Thu Jul 08 02:06:47 +0000 2021
32,1412956283733434368,RT @TheDailyHPotter: ‚ÄòHarry Potter and the Deathly Hallows: Part 2‚Äô (2011) dir. David Yates https://t.co/H9STWsiAi0,0,306,Thu Jul 08 02:06:44 +0000 2021
33,1412956270810783744,"One thing I learned in a zoom team meeting today‚Ä¶never watching Harry Potter, Star Wars or the Office leaves you on‚Ä¶ https://t.co/6FiMnBgkt0",0,0,Thu Jul 08 02:06:41 +0000 2021
34,1412956259897249799,"RT @emelec_max: Harry Potter, y el misterio de quienes est√°n detr√°s de este misterioso aviso.",0,1,Thu Jul 08 02:06:38 +0000 2021
35,1412956253379309568,"Who starts a Harry Potter marathon at 9pm?? Me, that‚Äôs who!! ü•∞",0,0,Thu Jul 08 02:06:36 +0000 2021
36,1412956245301075968,"Pensando seriamente em assistir Harry potter tudo d novo esse fds, vou ficar trancado msm",0,0,Thu Jul 08 02:06:34 +0000 2021
37,1412956236178497545,"RT @EiProfeta: Harry Potter, El Se√±or de los Anillos y Shrek se estrenaron hace 20 a√±os.

Yo: https://t.co/rPxkuT7YdB",0,1023,Thu Jul 08 02:06:32 +0000 2021
38,1412956227676643331,–£–±–µ–π—Ç–µ –º–µ–Ω—è —è –æ–≥–µ–Ω—à–∏–Ω–∏–ª–∞—Å—å –∏ —É–≤–∏–¥–µ–≤ HP –≤ –∫–æ–Ω—Ç–µ–∫—Å—Ç–µ —Ñ–∞–Ω–¥–æ–º–æ–≤ –ø–æ–¥—É–º–∞–ª–∞ –Ω–∏—Ö—É—è —Å–µ–±–µ —Ñ–∞–Ω–¥–æ–º —Ö–ø –ø–æ–∫–∞ –Ω–µ –ø–æ–Ω—è–ª–∞ —á—Ç–æ —ç—Ç–æ HARRY POTTER...,0,0,Thu Jul 08 02:06:30 +0000 2021
39,1412956214514917381,RT @TheDailyHPotter: Gloucester Cathedral where Harry Potter was filmed ‚ù§Ô∏è https://t.co/lrvkQAoc17,0,298,Thu Jul 08 02:06:27 +0000 2021
40,1412956208286380033,"RT @michifurros: ‚Ä¢ ‚îÄ‚îÄ‚îÄ‚îÄ‚îÄ‚îÄ ‚úæ ‚îÄ‚îÄ‚îÄ‚îÄ‚îÄ‚îÄ ‚Ä¢

Michis gat√°cticos as personajes de Harry Potter

‚Ä¢ ‚îÄ‚îÄ‚îÄ‚îÄ‚îÄ‚îÄ ‚úæ ‚îÄ‚îÄ‚îÄ‚îÄ‚îÄ‚îÄ ‚Ä¢ https://t.co/35dDnmZ8Mp",0,1,Thu Jul 08 02:06:26 +0000 2021
41,1412956158873128964,"RT @rowlinglibrary: Ten years ago: Premiere of Harry Potter and the Deathly Hallows - Part 2 at Trafalgar Square on July 7, 2011 in London.‚Ä¶",0,72,Thu Jul 08 02:06:14 +0000 2021
42,1412956146189615105,RT @diaybyy: Podemos hablar de Tom en la premier de Harry Potter y las Reliquias de la Muerte p.2 https://t.co/dfaU3aiJbc,0,13,Thu Jul 08 02:06:11 +0000 2021
43,1412956134592315395,RT @peacockTV: The Harry Potter Film Series is streaming now on Peacock.,0,4,Thu Jul 08 02:06:08 +0000 2021
44,1412956128271548417,RT @noirwhills: potterhead? jamais! apenas gosto muito de harry potter,0,203,Thu Jul 08 02:06:07 +0000 2021
45,1412956125822078977,twitter please stop showing me buff harry potter I beg of you ü•∫,0,0,Thu Jul 08 02:06:06 +0000 2021
46,1412956119631343617,RT @marlvswtson: todo era m√°s lindo cuando Harry Potter estaba en Netflix,0,758,Thu Jul 08 02:06:05 +0000 2021
47,1412956111506972673,"RT @ToIkienverse: Shrek, Harry Potter y El Se√±or de los Anillos se estrenaron el mismo a√±o / HACE 20 A√ëOS https://t.co/Ydaodyv8xr",0,710,Thu Jul 08 02:06:03 +0000 2021
48,1412956110693281798,@Harry_Potter_TM Un estupendo actor,1,0,Thu Jul 08 02:06:02 +0000 2021
49,1412956108122206211,"RT @thejellysystem: hiii im new to #booktwt and #pjotwt 

my fave books are:
- percy jackson
- harry potter
-anything by john green 
- a da‚Ä¶",0,9,Thu Jul 08 02:06:02 +0000 2021
50,1412956101537107968,"RT @nacaomarveI: O CROSSOVER DO MIL√äNIO.

#LOKI CHEGANDO EM HOGWARTS COM A SYLVIE PRA VISITAR O HARRY POTTER https://t.co/rd3kWedJ2M",0,344,Thu Jul 08 02:06:00 +0000 2021
51,1412956100626849792,Shut up and finish Harry Potter nigga https://t.co/AKCjy4mlbI,0,0,Thu Jul 08 02:06:00 +0000 2021
52,1412956086542479361,f√£s de harry potter me ajudem https://t.co/zB8A8L0b5M,0,0,Thu Jul 08 02:05:57 +0000 2021
53,1412956071447220225,RT @OficialDeborahA: O adm aqui tamb√©m ama Harry Potter obcecadamente e voc√™s?  ü§ì‚ö°,0,9,Thu Jul 08 02:05:53 +0000 2021
54,1412956036361859074,RT @birdwriter7: #fairytales #snow #FairytaleTuesday #magical #wildlife #wilderness #enchantment #wizard #shapeshifter #wolf #raven #fox #M‚Ä¶,0,63,Thu Jul 08 02:05:45 +0000 2021
55,1412956029466337284,RT @lorimaciel_: N√ÉO CONFIE EM PESSOAS QUE PREFEREM DRACO BELLATRIX DUMBLEDORE CHO CHANG DO QUE A MAIOR LENDA DE HARRY POTTER QUE √â HERMION‚Ä¶,0,458,Thu Jul 08 02:05:43 +0000 2021
56,1412955980061573121,"RT @PotterheadClub: Un d√≠a como hoy, hace 10 a√±os se llevaba acabo el estreno en vivo de Harry Potter y las Reliquias de la Muerte: Parte 2‚Ä¶",0,199,Thu Jul 08 02:05:31 +0000 2021
57,1412955936147353605,Facebook permite vivir la experiencia de Harry Potter con una nueva herramienta de realidad aumentada https://t.co/0qd6NcHof3,0,0,Thu Jul 08 02:05:21 +0000 2021
58,1412955935644033026,RT @moonyymoony: are you straight or is prisoner of azkaban your favorite harry potter movie,0,3,Thu Jul 08 02:05:21 +0000 2021
59,1412955886520242176,RT @TheDailyHPotter: The perfect Harry Potter lockscreens ‚ù§Ô∏è https://t.co/s2c3qdPkYs,0,233,Thu Jul 08 02:05:09 +0000 2021
60,1412955884527947783,"RT @EiProfeta: Harry Potter, El Se√±or de los Anillos y Shrek se estrenaron hace 20 a√±os.

Yo: https://t.co/rPxkuT7YdB",0,1023,Thu Jul 08 02:05:08 +0000 2021
61,1412955857206353926,"Finalmente assistindo harry Potter e t√¥ amandoooooo, mds eu √± tenho dinheiro pra mais livros q quero comprar",1,0,Thu Jul 08 02:05:02 +0000 2021
62,1412955836855603202,Harry Potter is so hot,0,0,Thu Jul 08 02:04:57 +0000 2021
63,1412955807440855044,RT @cinepop: 'Harry Potter e as Rel√≠quias da Morte - Parte 2' faz 10 anos; Veja curiosidades sobre a produ√ß√£o! - https://t.co/oiHgoogSPX ht‚Ä¶,0,1,Thu Jul 08 02:04:50 +0000 2021
64,1412955791032832001,RT @BernieTranders: I‚Äôm watching Harry Potter and the Philosopher‚Äôs Stone and during the bit where Hagrid refers to himself as Norbert the‚Ä¶,0,93,Thu Jul 08 02:04:46 +0000 2021
65,1412955772359643142,"RT @EiProfeta: Harry Potter, El Se√±or de los Anillos y Shrek se estrenaron hace 20 a√±os.

Yo: https://t.co/rPxkuT7YdB",0,1023,Thu Jul 08 02:04:42 +0000 2021
66,1412955769163616259,RT @marlvswtson: todo era m√°s lindo cuando Harry Potter estaba en Netflix,0,758,Thu Jul 08 02:04:41 +0000 2021
67,1412955760779317250,"me deu vontade de assistir harry potter, √∫nica vez q qssisti tinha uns 6 anos lembro NADA, ser√° q assisto?",0,0,Thu Jul 08 02:04:39 +0000 2021
68,1412955749093838850,"RT @HpInfoJapan: „ÄêNEWS„Äë
ËàûÂè∞„Äé„Éè„É™„Éº„Éª„Éù„ÉÉ„Çø„Éº„Å®Âë™„ÅÑ„ÅÆÂ≠ê„Äè„É≠„É≥„Éâ„É≥ÂÖ¨Êºî„Åå„ÄÅ10Êúà14Êó•„Çà„ÇäÂÜçÈñã„ÅåÊ±∫ÂÆöÔºÅ
„Ç≥„É≠„Éä„Ç¶„Ç§„É´„ÇπÊÑüÊüìÊã°Â§ßÈò≤Ê≠¢„ÅÆ„Åü„ÇÅ„ÄÅÁ¥Ñ1Âπ¥Âçä„ÅÆ‰ºëÊ≠¢„ÇíÁµå„Å¶„ÄÅ„Éï„Ç°„É≥ÂøµÈ°ò„ÅÆÂÜçÈñã„Åß„Åô„ÄÇ

‰∏ÄÊñ∞„Åï„Çå„Åü„Éù„Çπ„Çø„Éº„ÇÇÂÖ¨Èñã„Åï„Çå„Åü„ÄéÂë™„ÅÑ„ÅÆÂ≠ê„Äè„ÅØ„ÄÅ2022Âπ¥Êó•Êú¨‰∏äÈô∏‰∫àÂÆö‚Ä¶",0,205,Thu Jul 08 02:04:36 +0000 2021
69,1412955723118505985,"hou_ouin Excuse me, but I heard these work from Wataru so... Do you read Harry Potter? Your smile is like expelliar‚Ä¶ https://t.co/dt9g6GkakN",0,0,Thu Jul 08 02:04:30 +0000 2021
70,1412955714339868672,"RT @EiProfeta: Harry Potter, El Se√±or de los Anillos y Shrek se estrenaron hace 20 a√±os.

Yo: https://t.co/rPxkuT7YdB",0,1023,Thu Jul 08 02:04:28 +0000 2021
71,1412955713471582219,RT @shimshinn: Harry Potter                 ü§ù                  JAKE https://t.co/hijwFDgLC3,0,7,Thu Jul 08 02:04:28 +0000 2021
72,1412955710833364995,"RT @PotterWorldUK: 7 July 2011: Ten years ago Harry Potter and the Deathly Hallows: Part 2 premiered in London.

#10YearsDeathlyHallows2Pre‚Ä¶",0,561,Thu Jul 08 02:04:27 +0000 2021
73,1412955700867870721,"@SadBoyBarrett This may not mean much, but I‚Äôve been following KF from the start and you‚Äôve been an integral part o‚Ä¶ https://t.co/fhgZNM38Fz",0,0,Thu Jul 08 02:04:25 +0000 2021
74,1412955697273208833,"Quieres ver las 8 pel√≠culas de Harry Potter conmigo?

Enviar*",0,0,Thu Jul 08 02:04:24 +0000 2021
75,1412955685822910467,@wesdergucht as Harry Potter https://t.co/X28Do7WBYA,2,0,Thu Jul 08 02:04:21 +0000 2021
76,1412955659407003650,"RT @jupitbur: if you‚Äôre in any sub twt, i don‚Äôt care if it‚Äôs kpop, mcyt, harry potter, genshin idc. read this thread!! /safe",0,41,Thu Jul 08 02:04:15 +0000 2021
77,1412955655967711235,"RT @HpInfoJapan: „ÄêNEWS„Äë
ËàûÂè∞„Äé„Éè„É™„Éº„Éª„Éù„ÉÉ„Çø„Éº„Å®Âë™„ÅÑ„ÅÆÂ≠ê„Äè„É≠„É≥„Éâ„É≥ÂÖ¨Êºî„Åå„ÄÅ10Êúà14Êó•„Çà„ÇäÂÜçÈñã„ÅåÊ±∫ÂÆöÔºÅ
„Ç≥„É≠„Éä„Ç¶„Ç§„É´„ÇπÊÑüÊüìÊã°Â§ßÈò≤Ê≠¢„ÅÆ„Åü„ÇÅ„ÄÅÁ¥Ñ1Âπ¥Âçä„ÅÆ‰ºëÊ≠¢„ÇíÁµå„Å¶„ÄÅ„Éï„Ç°„É≥ÂøµÈ°ò„ÅÆÂÜçÈñã„Åß„Åô„ÄÇ

‰∏ÄÊñ∞„Åï„Çå„Åü„Éù„Çπ„Çø„Éº„ÇÇÂÖ¨Èñã„Åï„Çå„Åü„ÄéÂë™„ÅÑ„ÅÆÂ≠ê„Äè„ÅØ„ÄÅ2022Âπ¥Êó•Êú¨‰∏äÈô∏‰∫àÂÆö‚Ä¶",0,205,Thu Jul 08 02:04:14 +0000 2021
78,1412955641505779713,acho que hoje eu finalizo Harry Potter e o Enigma do Pr√≠ncipe.,0,0,Thu Jul 08 02:04:11 +0000 2021
79,1412955619955462148,"RT @PotterWorldUK: 7 July 2011: Ten years ago Harry Potter and the Deathly Hallows: Part 2 premiered in London.

#10YearsDeathlyHallows2Pre‚Ä¶",0,561,Thu Jul 08 02:04:05 +0000 2021
80,1412955593057480705,Mi mam√° se enoj√≥ con mi hermano xq nunca vio harry potter same,0,0,Thu Jul 08 02:03:59 +0000 2021
81,1412955555254124549,"@justinjarrett Eh, no Harry Potter allowed here.",0,0,Thu Jul 08 02:03:50 +0000 2021
82,1412955554142633984,"Reparem! Um ambiente escuro, os senadores em p√©, ao redor de Omar Aziz, quem estava longe se aproximando. Ele falan‚Ä¶ https://t.co/dCEJJdaKHe",0,0,Thu Jul 08 02:03:50 +0000 2021
83,1412955553404489729,"RT @rowlinglibrary: Ten years ago: Premiere of Harry Potter and the Deathly Hallows - Part 2 at Trafalgar Square on July 7, 2011 in London.‚Ä¶",0,72,Thu Jul 08 02:03:50 +0000 2021
84,1412955537587777537,"RT @omelete: DEZ ANOS DO FINAL DE HARRY POTTER! ‚ö°

Em 07 de julho de 2011, aconteceu a premi√®re mundial de Harry Potter e as Rel√≠quias da M‚Ä¶",0,97,Thu Jul 08 02:03:46 +0000 2021
85,1412955532562812928,Check out this listing I just added to my #Poshmark closet: Kids Harry Potter Solemnly Swear Pajama Set.‚Ä¶ https://t.co/Vj3qTh2wpJ,0,0,Thu Jul 08 02:03:45 +0000 2021
86,1412955525675954176,"RT @HarryPotteerBR: 7 de julho de 2011: Dez anos atr√°s, Harry Potter e as Rel√≠quias da Morte: Parte 2 estreou em Londres. https://t.co/gq2O‚Ä¶",0,791,Thu Jul 08 02:03:43 +0000 2021
87,1412955518294020101,"@PyramidABC Took a while for the judge to decide if they'd accept 'JK Rowling' as a clue for the ""Harry Potter"" cat‚Ä¶ https://t.co/EBkbBZJgyb",0,0,Thu Jul 08 02:03:41 +0000 2021
88,1412955516855332871,"‚Ä¢ ‚îÄ‚îÄ‚îÄ‚îÄ‚îÄ‚îÄ ‚úæ ‚îÄ‚îÄ‚îÄ‚îÄ‚îÄ‚îÄ ‚Ä¢

Michis gat√°cticos as personajes de Harry Potter

‚Ä¢ ‚îÄ‚îÄ‚îÄ‚îÄ‚îÄ‚îÄ ‚úæ ‚îÄ‚îÄ‚îÄ‚îÄ‚îÄ‚îÄ ‚Ä¢ https://t.co/35dDnmZ8Mp",2,1,Thu Jul 08 02:03:41 +0000 2021
89,1412955505182470144,"RT @jupitbur: if you‚Äôre in any sub twt, i don‚Äôt care if it‚Äôs kpop, mcyt, harry potter, genshin idc. read this thread!! /safe",0,41,Thu Jul 08 02:03:38 +0000 2021
90,1412955488376004610,RT @marlvswtson: todo era m√°s lindo cuando Harry Potter estaba en Netflix,0,758,Thu Jul 08 02:03:34 +0000 2021
91,1412955472668336129,Esse final de semana eu vou maratonar Harry Potter,0,0,Thu Jul 08 02:03:30 +0000 2021
92,1412955404561272834,RT @lorimaciel_: N√ÉO CONFIE EM PESSOAS QUE PREFEREM DRACO BELLATRIX DUMBLEDORE CHO CHANG DO QUE A MAIOR LENDA DE HARRY POTTER QUE √â HERMION‚Ä¶,0,458,Thu Jul 08 02:03:14 +0000 2021
93,1412955389679874055,Harry potter vs hƒ±zlƒ± ve √∂fkeli tartƒ±≈ümasƒ±,0,0,Thu Jul 08 02:03:10 +0000 2021
94,1412955385854664712,Siempre es bueno ver Harry Potter,1,0,Thu Jul 08 02:03:10 +0000 2021
95,1412955371531079682,RT @marlvswtson: todo era m√°s lindo cuando Harry Potter estaba en Netflix,0,758,Thu Jul 08 02:03:06 +0000 2021
96,1412955350635065345,"RT @HarryPotteerBR: 7 de julho de 2011: Dez anos atr√°s, Harry Potter e as Rel√≠quias da Morte: Parte 2 estreou em Londres. https://t.co/gq2O‚Ä¶",0,791,Thu Jul 08 02:03:01 +0000 2021
97,1412955343559163905,"RT @HPotterUniverse: The first and last Harry Potter premieres in London.

#10YearsDeathlyHallows2Premiere https://t.co/kLytxqaupV",0,46,Thu Jul 08 02:03:00 +0000 2021
98,1412955341688541191,a paixao pelo sandro me fazendo cogitar em gastar numa almofada sonora do harry potter em formato de chapeu,2,0,Thu Jul 08 02:02:59 +0000 2021
99,1412955329344720899,RT @TheDailyHPotter: Behind the scenes of Harry Potter! https://t.co/RZuclhMZeH,0,285,Thu Jul 08 02:02:56 +0000 2021
100,1412955318494060545,RT @marlvswtson: todo era m√°s lindo cuando Harry Potter estaba en Netflix,0,758,Thu Jul 08 02:02:54 +0000 2021
101,1412955316694798336,RT @cinepop: 'Harry Potter e as Rel√≠quias da Morte - Parte 2' faz 10 anos; Veja curiosidades sobre a produ√ß√£o! - https://t.co/oiHgoogSPX ht‚Ä¶,0,5,Thu Jul 08 02:02:53 +0000 2021
102,1412955309845487616,"RT @nat_wsa: ‚ù•Ô∏é ùëØùíäùíé ùíÇùíèùíÖ ùë∞ - Drarry

Onde Harry Potter acaba sem querer tirando foto do filho do Presidente

[au - Drarry - romance - sem ma‚Ä¶",0,31,Thu Jul 08 02:02:51 +0000 2021
103,1412955302383738883,"RT @EiProfeta: Harry Potter, El Se√±or de los Anillos y Shrek se estrenaron hace 20 a√±os.

Yo: https://t.co/rPxkuT7YdB",0,1023,Thu Jul 08 02:02:50 +0000 2021
104,1412955300240494593,"RT @nacaomarveI: O CROSSOVER DO MIL√äNIO.

#LOKI CHEGANDO EM HOGWARTS COM A SYLVIE PRA VISITAR O HARRY POTTER https://t.co/rd3kWedJ2M",0,344,Thu Jul 08 02:02:49 +0000 2021
105,1412955298554421249,RT @noirwhills: potterhead? jamais! apenas gosto muito de harry potter,0,203,Thu Jul 08 02:02:49 +0000 2021
106,1412955292921368581,RT @TheDailyHPotter: Harry Potter and the Order of the Phoenix (2007) dir. David Yates https://t.co/lwC8bJHswe,0,285,Thu Jul 08 02:02:47 +0000 2021
107,1412955291939971075,RT @JamboAldo: Am I right that @HumzaYousaf who I believe lives in the covid hotspot of Dundee in the #Covid capital of Europe is currently‚Ä¶,0,203,Thu Jul 08 02:02:47 +0000 2021
108,1412955282259517446,RT @thiegonovais: 10 anos da √∫ltima premiere do trio de Harry Potter em Londres. https://t.co/b98WmtWnmi,0,344,Thu Jul 08 02:02:45 +0000 2021
109,1412955280195813384,RT @idgajon: the mandrake in harry potter before it returned everyone back into their original state. https://t.co/mazRUU3eRM,0,5,Thu Jul 08 02:02:44 +0000 2021
110,1412955272419500034,"RT @goeyounjung: @selfoli STB OA
Syp tau bercita2 mnjd sarjana hukum..
https://t.co/NSQb104lAi 
https://t.co/NSQb104lAi

Syp tau bercita2 m‚Ä¶",0,1,Thu Jul 08 02:02:43 +0000 2021
111,1412955256187539457,"RT @goeyounjung: @selfolconvo STB OA
Syp tau bercita2 mnjd sarjana hukum..
https://t.co/NSQb104lAi 
https://t.co/NSQb104lAi

Syp tau bercit‚Ä¶",0,1,Thu Jul 08 02:02:39 +0000 2021
112,1412955232275947527,"RT @ShoppingVirtua4: ‚ö°Ô∏è SORTEIO ‚ö°Ô∏è

üèÜ Pr√™mio: Harry Potter e a Pedra Filosofal (capa dura) + Ecobag

üö® Regras:
‚úÖ Seguir as p√°ginas marcadas‚Ä¶",0,319,Thu Jul 08 02:02:33 +0000 2021
113,1412955230992486403,RT @noirwhills: potterhead? jamais! apenas gosto muito de harry potter,0,203,Thu Jul 08 02:02:33 +0000 2021
114,1412955202055979011,I don‚Äôt care how many times I watch ‚ÄòHarry Potter‚Äô it NEVER gets old. I just love these movies so much ü•∫,0,0,Thu Jul 08 02:02:26 +0000 2021
115,1412955179104837638,@SigmaAngel2 S√≥ eu achei o cara parecido com o Harry Potter? Kkkkkk gado de alt√≠ssimo valor pra impressionar as min‚Ä¶ https://t.co/wpVbgeGn2v,0,0,Thu Jul 08 02:02:20 +0000 2021
116,1412955170539986945,RT @noirwhills: potterhead? jamais! apenas gosto muito de harry potter,0,203,Thu Jul 08 02:02:18 +0000 2021
117,1412955163799822337,"RT @HarryPotteerBR: 7 de julho de 2011: Dez anos atr√°s, Harry Potter e as Rel√≠quias da Morte: Parte 2 estreou em Londres. https://t.co/gq2O‚Ä¶",0,791,Thu Jul 08 02:02:17 +0000 2021
118,1412955132296376324,"@ChillGamerMac I rule it a good call. JK Rowling is not really a ""Harry Potter term""",0,0,Thu Jul 08 02:02:09 +0000 2021
119,1412955103569580034,"RT @ToIkienverse: Shrek, Harry Potter y El Se√±or de los Anillos se estrenaron el mismo a√±o / HACE 20 A√ëOS https://t.co/Ydaodyv8xr",0,710,Thu Jul 08 02:02:02 +0000 2021
120,1412955092265828355,RT @dabarrrbie: i love harry potter,0,4,Thu Jul 08 02:02:00 +0000 2021
121,1412955073030803461,"RT @HarryPotteerBR: 7 de julho de 2011: Dez anos atr√°s, Harry Potter e as Rel√≠quias da Morte: Parte 2 estreou em Londres. https://t.co/gq2O‚Ä¶",0,791,Thu Jul 08 02:01:55 +0000 2021
122,1412955069801185289,@chuuyagayass @gothhyuka u make it sound like comparing it to the longest harry potter book is better.,1,0,Thu Jul 08 02:01:54 +0000 2021
123,1412955037731524612,RT @Granger_guz: cambio todos mis recuerdos de la ultima vez q me enamore x ir a la tienda oficial de Harry Potter,0,5,Thu Jul 08 02:01:47 +0000 2021
124,1412955031490412546,RT @noirwhills: potterhead? jamais! apenas gosto muito de harry potter,0,203,Thu Jul 08 02:01:45 +0000 2021
125,1412955027501510658,RT @jaykecart: harry potter and draco malfoy ‚ÅâÔ∏è https://t.co/MQCH20NFXx,0,39,Thu Jul 08 02:01:44 +0000 2021
126,1412955020803313667,RT @birdwriter7: #fairytales #snow #FairytaleTuesday #magical #wildlife #wilderness #enchantment #wizard #shapeshifter #wolf #raven #fox #M‚Ä¶,0,63,Thu Jul 08 02:01:43 +0000 2021
127,1412955010573369344,"‚ÄúIt does not do to dwell on dreams and forget to live.‚Äù - J.K. Rowling, Harry Potter and the Sorcerer's Stone",0,0,Thu Jul 08 02:01:40 +0000 2021
128,1412955003405406218,"RT @HPotterUniverse: July 7, 2011: 10 years ago today, Harry Potter and the Deathly Hallows Part 2 premiered in London!

#10YearsDeathlyHal‚Ä¶",0,97,Thu Jul 08 02:01:38 +0000 2021
129,1412954995553488901,"Ya qued√≥ arriba, lleg√≥ a la conclusi√≥n que Harry Potter es real https://t.co/OrN4tBdvZT",0,0,Thu Jul 08 02:01:37 +0000 2021
130,1412954989090197504,"RT @EiProfeta: Harry Potter, El Se√±or de los Anillos y Shrek se estrenaron hace 20 a√±os.

Yo: https://t.co/rPxkuT7YdB",0,1023,Thu Jul 08 02:01:35 +0000 2021
131,1412954984338034688,"RT @VLaResistencia: Yo viendo Harry Potter, o Game of Thrones con alguien m√°s. https://t.co/B3S3FQ1GQO",0,9,Thu Jul 08 02:01:34 +0000 2021
132,1412954976402513920,"RT @ToIkienverse: Shrek, Harry Potter y El Se√±or de los Anillos se estrenaron el mismo a√±o / HACE 20 A√ëOS https://t.co/Ydaodyv8xr",0,710,Thu Jul 08 02:01:32 +0000 2021
133,1412954961244266498,"RT @PotterWorldUK: 7 July 2011: Ten years ago Harry Potter and the Deathly Hallows: Part 2 premiered in London.

#10YearsDeathlyHallows2Pre‚Ä¶",0,561,Thu Jul 08 02:01:28 +0000 2021
134,1412954909780160520,"Cheguei a conclus√£o que vou me dar a oportunidade de maratonar Harry Potter, pra poder dizer com ctz se √© ruim ou n√£o",1,0,Thu Jul 08 02:01:16 +0000 2021
135,1412954899478949888,RT @ilannarx: Harry Potter y el misterio de por qu√© en este cagadero hay gente que a todo le llama ‚Äúcapitalismo‚Äù cuando somos un r√©gimen fe‚Ä¶,0,5,Thu Jul 08 02:01:14 +0000 2021
136,1412954895351783430,"RT @capa_invisible: Un d√≠a como hoy, hace 10 a√±os se llev√≥ a cabo la premiere de Harry Potter y las reliquias de la muerte parte 2 en Londr‚Ä¶",0,73,Thu Jul 08 02:01:13 +0000 2021
137,1412954879182741506,"RT @Granger_guz: Obvio que acepto que no te guste Harry Potter, no todos tenemos buenos gustos",0,4,Thu Jul 08 02:01:09 +0000 2021
138,1412954869019955203,|| When your new Harry Potter tee shirt of the month club comes in and you‚Äôre in love! https://t.co/c9md0EbyHr,1,0,Thu Jul 08 02:01:06 +0000 2021
139,1412954867002392578,"You can‚Äôt say JK Rowling to describe Harry Potter. That‚Äôs crazy as hell. They didn‚Äôt want to give that dude $50,000‚Ä¶ https://t.co/AxEo7ahkDF",0,0,Thu Jul 08 02:01:06 +0000 2021
140,1412954864112570376,RT @eugenia_Gav: Se nubla y en autom√°tico ya quiero poner maraton de Harry Potter,0,30,Thu Jul 08 02:01:05 +0000 2021
141,1412954850892132352,assistindo Harry potter üíã,0,0,Thu Jul 08 02:01:02 +0000 2021
142,1412954849465995267,"RT @ewuraakua0a: Daniel Radcliffe in Harry Potter
Tom Ellis as Lucifer",0,4,Thu Jul 08 02:01:02 +0000 2021
143,1412954847167631361,RT @malupks: Bellatrix a melhor vil√£ da saga de Harry Potter s√≥ n√£o dominou mundo bruxo pq era escrava de macho https://t.co/ZBGcjBOwkA,0,721,Thu Jul 08 02:01:01 +0000 2021
144,1412954835574566914,"RT @jupitbur: if you‚Äôre in any sub twt, i don‚Äôt care if it‚Äôs kpop, mcyt, harry potter, genshin idc. read this thread!! /safe",0,41,Thu Jul 08 02:00:58 +0000 2021
145,1412954832177094657,"n√£o sei a matem√°tica b√°sica, mas me pe√ßa pra falar sobre star wars, o senhor dos an√©is, harry potter, star trek, dc‚Ä¶ https://t.co/pXhmUqIn8r",0,0,Thu Jul 08 02:00:58 +0000 2021
146,1412954821896798217,idr if it was the harry potter/pjo crossover fic or the pjo fic series that i very purposefully added my self inser‚Ä¶ https://t.co/9dXt8TC1av,1,0,Thu Jul 08 02:00:55 +0000 2021
147,1412954798144450565,RT @YMiVaritaHarry: ¬øOtra edici√≥n de libros de Harry Potter? Pero no le veo nada extraordinari... ¬°Wooow! https://t.co/Gs6bND7LZ2,0,120,Thu Jul 08 02:00:49 +0000 2021
148,1412954785523896325,@vinny_toon I think there was one on the Harry Potter and the chamber of secrets dvd I had I played,1,0,Thu Jul 08 02:00:46 +0000 2021
149,1412954779312078849,"RT @capa_invisible: Un d√≠a como hoy, hace 10 a√±os se llev√≥ a cabo la premiere de Harry Potter y las reliquias de la muerte parte 2 en Londr‚Ä¶",0,73,Thu Jul 08 02:00:45 +0000 2021
150,1412954753957519360,"RT @_papidehorchata: Quieres hacer un marat√≥n de pel√≠culas de Harry Potter?? 
-enviar",0,3,Thu Jul 08 02:00:39 +0000 2021
151,1412954753508708356,"Oioi gente, eu sou novo no tt e estou procurando moots e que gostem de: 

Animes:
-Haikyuu
-Given
-AoT
-BNHA
-SK8‚Ä¶ https://t.co/NLJ3qHNGVC",0,0,Thu Jul 08 02:00:39 +0000 2021
152,1412954748668497922,RT @ULTRAGLOSS: i will never get over these photos of robert pattinson looking just ever so slightly awkward and out of place with the rest‚Ä¶,0,344,Thu Jul 08 02:00:38 +0000 2021
153,1412954688740286472,"Why is female Harry Potter mads at me? Go fish bish.

https://t.co/yN9BfoLOPJ",0,0,Thu Jul 08 02:00:23 +0000 2021
154,1412954687863668738,RT @yungticha: it‚Äôs always ‚Äúwyd‚Äù and never lets watch Harry Potter sequel together,0,1,Thu Jul 08 02:00:23 +0000 2021
155,1412954677776461828,Tantas series y pel√≠culas que hay y siempre pongo Harry Potter o Grey's anatomy,1,0,Thu Jul 08 02:00:21 +0000 2021
156,1412954671086460928,"RT @HarryPotteerBR: 7 de julho de 2011: Dez anos atr√°s, Harry Potter e as Rel√≠quias da Morte: Parte 2 estreou em Londres. https://t.co/gq2O‚Ä¶",0,791,Thu Jul 08 02:00:19 +0000 2021
157,1412954667131277313,RT @saferupert: the words of rupert grint at the premiere of harry potter and the deathly hallows part 2 https://t.co/D81pTv6Ta4,0,25,Thu Jul 08 02:00:18 +0000 2021
158,1412954654208581633,I finished my Harry Potter theme Island. https://t.co/EpIZAF4T2I,0,0,Thu Jul 08 02:00:15 +0000 2021
159,1412954647313141761,Still can‚Äôt believe Harry Potter coulda been the LeBron James of Quidditch and decided to become a cop,0,0,Thu Jul 08 02:00:14 +0000 2021
160,1412954646491058178,"WB Games is hiring for next great mobile game like Harry Potter, DC Legends

https://t.co/bFOwTJnARM https://t.co/Ei82voCMRH",0,0,Thu Jul 08 02:00:13 +0000 2021
161,1412954624768626692,At least you would be away from here. Harry Potter must go home! Dobby thought his Bludger would be,0,0,Thu Jul 08 02:00:08 +0000 2021
162,1412954602308259850,"RT @HarryPotteerBR: 7 de julho de 2011: Dez anos atr√°s, Harry Potter e as Rel√≠quias da Morte: Parte 2 estreou em Londres. https://t.co/gq2O‚Ä¶",0,791,Thu Jul 08 02:00:03 +0000 2021
163,1412954597069631488,"RT @LordVoldemort_S: Si ten√©is Instagram y sois fans de Harry Potter deber√≠ais echar un vistazo a esta cuenta 

https://t.co/Ql7iUUGvhf
 
C‚Ä¶",0,5,Thu Jul 08 02:00:02 +0000 2021
164,1412954583303917569,"RT @EiProfeta: Harry Potter, El Se√±or de los Anillos y Shrek se estrenaron hace 20 a√±os.

Yo: https://t.co/rPxkuT7YdB",0,1023,Thu Jul 08 01:59:58 +0000 2021
165,1412954577171894274,fandom de Harry Potter √© realmente uma merda,0,0,Thu Jul 08 01:59:57 +0000 2021
166,1412954573287927816,RT @eddyburback: just went on the harry potter ride at universal and it was just cedric diggory‚Äôs dad in a dark room screaming ‚ÄúMY BOOOOOOY‚Ä¶,0,651,Thu Jul 08 01:59:56 +0000 2021
167,1412954567071961094,"who doesn't know Harry Potter?
my GOD
#Pyramid",0,0,Thu Jul 08 01:59:54 +0000 2021
168,1412954541318942722,"RT @6Ospotter: MELHORES PERSONAGENS DE HARRY POTTER

ü•á 1 ‚Äì Harry Potter: 175676272727377377373737377373  votos https://t.co/uvFkjNF2pD",0,299,Thu Jul 08 01:59:48 +0000 2021
169,1412954535123898374,it‚Äôs always ‚Äúwyd‚Äù and never lets watch Harry Potter sequel together,3,1,Thu Jul 08 01:59:47 +0000 2021
170,1412954510125830155,'Harry Potter e as Rel√≠quias da Morte - Parte 2' faz 10 anos; Veja curiosidades sobre a produ√ß√£o! -‚Ä¶ https://t.co/RYCKqaLC7x,5,1,Thu Jul 08 01:59:41 +0000 2021
171,1412954501812719619,"RT @AMalvavisco: N√£o confie em ningu√©m com tatuagem de Harry Potter. 

Principalmente se for cis.",0,16,Thu Jul 08 01:59:39 +0000 2021
172,1412954501594730497,Harry Potter. https://t.co/pxxd7fVsam,0,0,Thu Jul 08 01:59:39 +0000 2021
173,1412954498855698440,@stephanjenkins Harry Potter and the Sorcerer's Stone,0,0,Thu Jul 08 01:59:38 +0000 2021
174,1412954486318977031,RT @charseatlantic: imagina ser o harry potter e n√£o ser considerado o melhor personagem da saga HARRY POTTER,0,678,Thu Jul 08 01:59:35 +0000 2021
175,1412954482485432323,"Queria algum lugar que tivesse harry potter,to com saudade dos filmess",0,0,Thu Jul 08 01:59:34 +0000 2021
176,1412954476714016775,voc√™s gostam de harry Potter?,1,0,Thu Jul 08 01:59:33 +0000 2021
177,1412954473186668545,11 years old // ‚ÄúThe tragedy of Hermione‚Äù (Harry Potter fandom). Never posted it anywhere though. https://t.co/HtdpPMLfdu,0,0,Thu Jul 08 01:59:32 +0000 2021
178,1412954399169814528,@gothhyuka @huaxcx it is. 1k words less than the longest harry potter book. and i am abt to finish reading it after‚Ä¶ https://t.co/7rRxlcNj9N,0,0,Thu Jul 08 01:59:14 +0000 2021
179,1412954386863738883,"RT @capa_invisible: Un d√≠a como hoy, hace 10 a√±os se llev√≥ a cabo la premiere de Harry Potter y las reliquias de la muerte parte 2 en Londr‚Ä¶",0,73,Thu Jul 08 01:59:11 +0000 2021
180,1412954380068810754,my bio grandpa was british and named caspar bareswilt‚Ä¶. what kind of harry potter name,0,0,Thu Jul 08 01:59:10 +0000 2021
181,1412954369822101505,RT @jakeschive: harry potter with draco malfoy https://t.co/yfN1ENbx4a,0,84,Thu Jul 08 01:59:07 +0000 2021
182,1412954369578897413,"acabei Harry Potter (os filmes) tirado pelo √∫ltimo que eu vi nos cinemas por algum motivo nunca tinha visto nenhum, amei t√¥ triste",0,0,Thu Jul 08 01:59:07 +0000 2021
183,1412954367708303361,"Dices que Harry Potter es aburrido, pero t√∫ dices ""cuenta algo""",1,0,Thu Jul 08 01:59:07 +0000 2021
184,1412954355330912256,o matheus √© uma pessoa bem legal que me simpatizei desde quando a gente falou sobre harry potter uns 4 anos atr√°s.‚Ä¶ https://t.co/5SgliwbIz1,1,0,Thu Jul 08 01:59:04 +0000 2021
185,1412954354479366144,RT @takethebagth: ‡∏°‡∏≤‡∏Ñ‡πà‡∏∞ ‡πÑ‡∏õ‡∏ó‡πà‡∏≠‡∏á‡πÇ‡∏•‡∏Å‡πÄ‡∏ß‡∏ó‡∏°‡∏ô‡∏ï‡πå‡∏Å‡∏±‡∏ô‡∏ö‡πâ‡∏≤‡∏á ‡∏ô‡∏µ‡πà‡πÄ‡∏•‡∏¢‡πÄ‡∏°‡∏ô‡∏π‡∏à‡∏≤‡∏Å‡∏´‡∏ô‡∏±‡∏á‡∏™‡∏∑‡∏≠ Harry Potter Cook Book ‡∏ó‡∏µ‡πà‡∏ï‡∏≤‡∏°‡∏´‡∏≤‡∏°‡∏≤‡∏ô‡∏≤‡∏ô ‡∏°‡∏±‡∏ô‡∏Ñ‡∏∑‡∏≠ Rack Cakes ‡∏´‡∏£‡∏∑‡∏≠‡πÄ‡∏Ñ‡πâ‡∏Å‡∏´‡∏¥‡∏ô ‡∏ó‡∏µ‡πà‚Ä¶,0,1440,Thu Jul 08 01:59:04 +0000 2021
186,1412954324892794886,"Nao entendo em 2021 ainda tem da de Harry Potter 
Okay √® legalzinho mas n√£o √© tudo isso",0,0,Thu Jul 08 01:58:57 +0000 2021
187,1412954301983510528,RT @averybestie: oi gente!!! acabei de criar essa conta e se voc√™s puderem dar rt pra chegar em mais pessoas eu agrade√ßo mto!! sou do fando‚Ä¶,0,69,Thu Jul 08 01:58:51 +0000 2021
188,1412954256265580551,RT @marlvswtson: todo era m√°s lindo cuando Harry Potter estaba en Netflix,0,758,Thu Jul 08 01:58:40 +0000 2021
189,1412954223730479104,"RT @biaglion: jake peralta gosta de taylor swift, de harry potter e ainda camufla as inseguran√ßas no humor por isso ele √© t√£o perfeito",0,3773,Thu Jul 08 01:58:33 +0000 2021
190,1412954218630090755,Quando o assunto √© Harry Potter‚Ä¶ https://t.co/uLxRPf8LhG,0,0,Thu Jul 08 01:58:31 +0000 2021
191,1412954192231157766,"RT @EiProfeta: Harry Potter, El Se√±or de los Anillos y Shrek se estrenaron hace 20 a√±os.

Yo: https://t.co/rPxkuT7YdB",0,1023,Thu Jul 08 01:58:25 +0000 2021
192,1412954179681673221,RT @jakeschive: harry potter with draco malfoy https://t.co/yfN1ENbx4a,0,84,Thu Jul 08 01:58:22 +0000 2021
193,1412954171804995584,harry james potter fancam edit https://t.co/JBS23QP8yR,0,0,Thu Jul 08 01:58:20 +0000 2021
194,1412954171540713475,i want to the rewatch all of the harry potter movies but i also hate watching movies,0,0,Thu Jul 08 01:58:20 +0000 2021
195,1412954158282510341,"RT @ToIkienverse: Shrek, Harry Potter y El Se√±or de los Anillos se estrenaron el mismo a√±o / HACE 20 A√ëOS https://t.co/Ydaodyv8xr",0,710,Thu Jul 08 01:58:17 +0000 2021
196,1412954154784464901,@libracultur Casa 12? Pense que harry Potter solo tenia 4,1,0,Thu Jul 08 01:58:16 +0000 2021
197,1412954149189296130,Harry Potter y el misterio de porque t√∫ no hablas conmigo.,0,0,Thu Jul 08 01:58:15 +0000 2021
198,1412954117761376261,"RT @EiProfeta: Harry Potter, El Se√±or de los Anillos y Shrek se estrenaron hace 20 a√±os.

Yo: https://t.co/rPxkuT7YdB",0,1023,Thu Jul 08 01:58:07 +0000 2021
199,1412954088061423616,Harry Potter and sushi with friends :),0,0,Thu Jul 08 01:58:00 +0000 2021
